{
  "position": "rb",
  "training_samples": 194,
  "features_count": 110,
  "feature_names": [
    "grad_year",
    "height_inches",
    "weight_lbs",
    "senior_yds",
    "senior_avg",
    "senior_touches",
    "senior_ypg",
    "senior_run",
    "senior_tot",
    "senior_rec",
    "senior_rec_yds",
    "senior_lng",
    "senior_td",
    "junior_yds",
    "junior_avg",
    "junior_touches",
    "junior_ypg",
    "junior_run",
    "junior_tot",
    "junior_rec",
    "junior_rec_yds",
    "junior_lng",
    "junior_td",
    "forty_yard_dash",
    "vertical_jump",
    "shuttle",
    "broad_jump",
    "bmi",
    "senior_tds",
    "trajectory",
    "state_talent_score",
    "games",
    "forty_yard_dash_imputed",
    "vertical_jump_imputed",
    "shuttle_imputed",
    "broad_jump_imputed",
    "rec_ypg",
    "ypg",
    "tds_game",
    "td_game",
    "all_purpose_game",
    "eff_ratio",
    "ath_power",
    "bmi_ypg",
    "height_traj",
    "state_eff",
    "speed_power_ratio",
    "ypc_speed",
    "weight_ypc",
    "combine_confidence",
    "trajectory_z",
    "pos_rb",
    "pos_qb",
    "pos_wr",
    "rule_score",
    "grad_year_pctile",
    "height_inches_pctile",
    "weight_lbs_pctile",
    "senior_yds_pctile",
    "senior_avg_pctile",
    "senior_touches_pctile",
    "senior_ypg_pctile",
    "senior_run_pctile",
    "senior_tot_pctile",
    "senior_rec_pctile",
    "senior_rec_yds_pctile",
    "senior_lng_pctile",
    "senior_td_pctile",
    "junior_yds_pctile",
    "junior_avg_pctile",
    "junior_touches_pctile",
    "junior_ypg_pctile",
    "junior_run_pctile",
    "junior_tot_pctile",
    "junior_rec_pctile",
    "junior_rec_yds_pctile",
    "junior_lng_pctile",
    "junior_td_pctile",
    "forty_yard_dash_pctile",
    "vertical_jump_pctile",
    "shuttle_pctile",
    "broad_jump_pctile",
    "bmi_pctile",
    "senior_tds_pctile",
    "trajectory_pctile",
    "state_talent_score_pctile",
    "games_pctile",
    "forty_yard_dash_imputed_pctile",
    "vertical_jump_imputed_pctile",
    "shuttle_imputed_pctile",
    "broad_jump_imputed_pctile",
    "rec_ypg_pctile",
    "ypg_pctile",
    "tds_game_pctile",
    "td_game_pctile",
    "all_purpose_game_pctile",
    "eff_ratio_pctile",
    "ath_power_pctile",
    "bmi_ypg_pctile",
    "height_traj_pctile",
    "state_eff_pctile",
    "speed_power_ratio_pctile",
    "ypc_speed_pctile",
    "weight_ypc_pctile",
    "combine_confidence_pctile",
    "trajectory_z_pctile",
    "pos_rb_pctile",
    "pos_qb_pctile",
    "pos_wr_pctile",
    "rule_score_pctile"
  ],
  "winsorization_bounds": {
    "grad_year": [
      2019.95,
      2025.0
    ],
    "height_inches": [
      65.0,
      74.10999999999999
    ],
    "weight_lbs": [
      145.0,
      230.0
    ],
    "senior_yds": [
      9.93,
      2827.5699999999997
    ],
    "senior_avg": [
      0.9500000000000001,
      45.299999999999955
    ],
    "senior_touches": [
      1.8800000000000001,
      320.12
    ],
    "senior_ypg": [
      4.38,
      269.41200000000003
    ],
    "senior_run": [
      1.0,
      48.19999999999993
    ],
    "senior_tot": [
      1.0,
      60.399999999999864
    ],
    "senior_rec": [
      1.0,
      38.0
    ],
    "senior_rec_yds": [
      1.0,
      677.9100000000007
    ],
    "senior_lng": [
      0.0,
      89.0
    ],
    "senior_td": [
      0.0,
      8.71999999999997
    ],
    "junior_yds": [
      10.02,
      3012.6199999999985
    ],
    "junior_avg": [
      1.58,
      29.81000000000003
    ],
    "junior_touches": [
      5.0,
      317.77999999999986
    ],
    "junior_ypg": [
      4.6,
      253.21
    ],
    "junior_run": [
      1.0,
      44.45999999999998
    ],
    "junior_tot": [
      1.0,
      48.0
    ],
    "junior_rec": [
      1.0,
      34.0
    ],
    "junior_rec_yds": [
      5.51,
      631.1199999999999
    ],
    "junior_lng": [
      0.0,
      85.66
    ],
    "junior_td": [
      0.0,
      7.0
    ],
    "forty_yard_dash": [
      4.216983227878996,
      4.906799999999998
    ],
    "vertical_jump": [
      28.261896798636833,
      38.535
    ],
    "shuttle": [
      4.016983227878996,
      4.56022490837842
    ],
    "broad_jump": [
      96.38559984636393,
      128.91415874248136
    ],
    "bmi": [
      22.996771076980817,
      31.522434643179032
    ],
    "senior_tds": [
      0.0,
      15.0
    ],
    "trajectory": [
      0.0,
      210.3200000000002
    ],
    "state_talent_score": [
      2.0,
      4.0
    ],
    "games": [
      8.0,
      15.0
    ],
    "forty_yard_dash_imputed": [
      0.0,
      1.0
    ],
    "vertical_jump_imputed": [
      0.0,
      1.0
    ],
    "shuttle_imputed": [
      0.0,
      1.0
    ],
    "broad_jump_imputed": [
      1.0,
      1.0
    ],
    "rec_ypg": [
      0.0,
      0.0
    ],
    "ypg": [
      1.0755000000000001,
      255.53099999999992
    ],
    "tds_game": [
      0.0,
      0.0
    ],
    "td_game": [
      0.0,
      0.7416666666666636
    ],
    "all_purpose_game": [
      2.7687500000000003,
      258.2140008729813
    ],
    "eff_ratio": [
      0.0,
      1.6141580896046577
    ],
    "ath_power": [
      2752.2322087043617,
      4843.771389860023
    ],
    "bmi_ypg": [
      118.78219540808453,
      7476.116317672902
    ],
    "height_traj": [
      0.0,
      15220.8
    ],
    "state_eff": [
      0.0,
      4.181512012137573
    ],
    "speed_power_ratio": [
      599.7470206843792,
      1102.002519361683
    ],
    "ypc_speed": [
      0.0,
      0.0
    ],
    "weight_ypc": [
      0.0,
      0.0
    ],
    "combine_confidence": [
      0.0,
      0.75
    ],
    "trajectory_z": [
      -0.7934932776201408,
      3.841868406929968
    ],
    "pos_rb": [
      1.0,
      1.0
    ],
    "pos_qb": [
      0.0,
      0.0
    ],
    "pos_wr": [
      0.0,
      0.0
    ],
    "rule_score": [
      20.733362148697807,
      96.29754052126606
    ]
  },
  "target_classes": [
    "0",
    "1",
    "2",
    "3"
  ],
  "model_params": {
    "objective": "multi:softprob",
    "use_label_encoder": null,
    "base_score": null,
    "booster": null,
    "callbacks": null,
    "colsample_bylevel": null,
    "colsample_bynode": null,
    "colsample_bytree": null,
    "early_stopping_rounds": null,
    "enable_categorical": false,
    "eval_metric": null,
    "feature_types": null,
    "gamma": null,
    "gpu_id": null,
    "grow_policy": null,
    "importance_type": null,
    "interaction_constraints": null,
    "learning_rate": 0.1,
    "max_bin": null,
    "max_cat_threshold": null,
    "max_cat_to_onehot": null,
    "max_delta_step": null,
    "max_depth": 6,
    "max_leaves": null,
    "min_child_weight": null,
    "missing": NaN,
    "monotone_constraints": null,
    "n_estimators": 100,
    "n_jobs": -1,
    "num_parallel_tree": null,
    "predictor": null,
    "random_state": 42,
    "reg_alpha": null,
    "reg_lambda": null,
    "sampling_method": null,
    "scale_pos_weight": null,
    "subsample": null,
    "tree_method": null,
    "validate_parameters": null,
    "verbosity": null
  },
  "model_version": "1.1.9",
  "train_date": "2025-08-09T11:09:18.923875+00:00",
  "notes": "Synapse parity RB pipeline v1.1.9",
  "changelog_entry": [
    "Synapse parity pipeline v1.1.9 for RB"
  ],
  "pipeline_config": {
    "preprocessor_type": "RecruitRevealPreprocessor",
    "model_type": "XGBoost",
    "defensive_programming": true,
    "production_ready": true
  },
  "api_compatibility": {
    "fastapi": true,
    "render_deployment": true,
    "versioned": true
  }
}